user_id,home_city,home_lat,home_lon,preferred_categories,avg_spend,active_hour_center,card_age_days
user_00000,Los Angeles,34.0522,-118.2437,"['entertainment', 'clothing', 'electronics']",44.61314255803931,10,449
user_00001,Los Angeles,34.0522,-118.2437,"['grocery', 'entertainment', 'restaurant', 'electronics', 'travel', 'clothing']",30.479106597928702,16,844
user_00002,Delhi,28.7041,77.1025,"['ride_share', 'home_goods', 'clothing', 'grocery']",48.843100149886624,19,1761
user_00003,Bengaluru,12.9716,77.5946,"['gas_station', 'electronics', 'pharmacy', 'restaurant', 'travel']",82.58416159074523,9,1500
user_00004,Bengaluru,12.9716,77.5946,"['grocery', 'ride_share', 'travel', 'restaurant', 'streaming']",28.775029366572934,16,1230
user_00005,Bengaluru,12.9716,77.5946,"['entertainment', 'restaurant', 'grocery', 'electronics']",28.77531282112912,9,983
user_00006,Los Angeles,34.0522,-118.2437,"['clothing', 'ride_share', 'pharmacy', 'gas_station', 'home_goods', 'travel']",85.41550906683793,18,1123
user_00007,Los Angeles,34.0522,-118.2437,"['travel', 'electronics', 'gas_station', 'ride_share']",52.481505822681314,12,2651
user_00008,Houston,29.7604,-95.3698,"['grocery', 'electronics', 'entertainment', 'pharmacy', 'streaming']",24.98599251492989,9,894
user_00009,Bengaluru,12.9716,77.5946,"['utilities', 'ride_share', 'streaming', 'entertainment']",45.85737453153911,12,601
user_00010,Houston,29.7604,-95.3698,"['entertainment', 'home_goods', 'streaming', 'utilities', 'pharmacy']",25.076957191776795,10,2117
user_00011,London,51.5074,-0.1278,"['grocery', 'restaurant', 'gas_station']",25.042193640795595,20,2817
user_00012,Delhi,28.7041,77.1025,"['streaming', 'entertainment', 'home_goods']",38.28956339886567,16,1059
user_00013,New York,40.7128,-74.006,"['utilities', 'travel', 'clothing']",10.506896522306214,9,1232
user_00014,Delhi,28.7041,77.1025,"['ride_share', 'grocery', 'clothing', 'travel']",11.764062111736244,16,465
user_00015,Mumbai,19.076,72.8777,"['gas_station', 'pharmacy', 'entertainment', 'travel']",23.63260868937906,17,1357
user_00016,London,51.5074,-0.1278,"['restaurant', 'pharmacy', 'clothing']",18.034765788980515,8,1016
user_00017,Los Angeles,34.0522,-118.2437,"['entertainment', 'ride_share', 'restaurant']",39.986760009429645,10,2732
user_00018,London,51.5074,-0.1278,"['clothing', 'travel', 'home_goods', 'streaming']",19.20528602007086,22,2238
user_00019,Houston,29.7604,-95.3698,"['streaming', 'utilities', 'pharmacy', 'ride_share', 'travel']",14.191139332838121,11,950
user_00020,Los Angeles,34.0522,-118.2437,"['grocery', 'home_goods', 'travel', 'electronics', 'utilities']",79.78928811940821,9,2929
user_00021,New York,40.7128,-74.006,"['restaurant', 'grocery', 'pharmacy', 'entertainment']",28.920023784324307,12,2770
user_00022,London,51.5074,-0.1278,"['travel', 'gas_station', 'home_goods', 'ride_share']",34.484740533404924,20,1967
user_00023,Delhi,28.7041,77.1025,"['restaurant', 'entertainment', 'streaming', 'pharmacy']",14.085573087258972,14,1942
user_00024,New York,40.7128,-74.006,"['grocery', 'streaming', 'pharmacy']",23.887859646183006,11,814
user_00025,Houston,29.7604,-95.3698,"['gas_station', 'streaming', 'entertainment', 'clothing', 'ride_share', 'restaurant']",35.39439781582137,15,2284
user_00026,Los Angeles,34.0522,-118.2437,"['utilities', 'travel', 'grocery']",16.600019225867538,22,998
user_00027,Chicago,41.8781,-87.6298,"['ride_share', 'entertainment', 'electronics', 'streaming', 'grocery', 'restaurant']",41.48860499118494,8,1629
user_00028,Mumbai,19.076,72.8777,"['clothing', 'streaming', 'travel', 'ride_share', 'gas_station', 'restaurant']",23.095014830831957,11,269
user_00029,New York,40.7128,-74.006,"['grocery', 'entertainment', 'home_goods', 'ride_share', 'gas_station']",27.79854691606,16,358
user_00030,Chicago,41.8781,-87.6298,"['home_goods', 'restaurant', 'electronics']",23.080221361859984,9,2363
user_00031,Houston,29.7604,-95.3698,"['home_goods', 'restaurant', 'streaming']",100.62159641358114,22,1098
user_00032,Houston,29.7604,-95.3698,"['electronics', 'clothing', 'streaming', 'gas_station', 'utilities']",32.84835492063741,13,327
user_00033,New York,40.7128,-74.006,"['home_goods', 'entertainment', 'restaurant', 'utilities', 'electronics', 'clothing']",17.55560799294971,10,1459
user_00034,Los Angeles,34.0522,-118.2437,"['pharmacy', 'clothing', 'gas_station', 'ride_share']",54.24587470699921,17,2708
user_00035,New York,40.7128,-74.006,"['utilities', 'restaurant', 'gas_station', 'clothing', 'entertainment']",15.918688717256483,19,2296
user_00036,Chicago,41.8781,-87.6298,"['clothing', 'home_goods', 'electronics', 'pharmacy', 'utilities']",37.5366638124548,16,2031
user_00037,Mumbai,19.076,72.8777,"['restaurant', 'utilities', 'streaming']",10.218480816886009,8,44
user_00038,Bengaluru,12.9716,77.5946,"['utilities', 'clothing', 'gas_station', 'ride_share']",14.925756886571687,16,69
user_00039,Los Angeles,34.0522,-118.2437,"['entertainment', 'gas_station', 'travel']",37.267317701215866,21,1542
user_00040,Chicago,41.8781,-87.6298,"['gas_station', 'grocery', 'clothing', 'pharmacy', 'utilities', 'entertainment']",51.57721204967042,18,1052
user_00041,Los Angeles,34.0522,-118.2437,"['travel', 'streaming', 'home_goods', 'gas_station', 'electronics']",36.70162267695387,20,755
user_00042,Delhi,28.7041,77.1025,"['gas_station', 'pharmacy', 'streaming']",30.89551508740559,12,682
user_00043,Los Angeles,34.0522,-118.2437,"['grocery', 'ride_share', 'electronics', 'home_goods', 'utilities', 'gas_station']",27.642039458004408,21,962
user_00044,Houston,29.7604,-95.3698,"['utilities', 'electronics', 'streaming']",13.638365389841285,12,314
user_00045,Mumbai,19.076,72.8777,"['utilities', 'travel', 'streaming', 'entertainment', 'pharmacy']",21.500871624003114,9,1099
user_00046,Chicago,41.8781,-87.6298,"['grocery', 'restaurant', 'home_goods', 'streaming', 'pharmacy']",25.11880421156462,14,2513
user_00047,Los Angeles,34.0522,-118.2437,"['home_goods', 'electronics', 'clothing', 'grocery', 'streaming', 'travel']",62.44419861200828,13,1796
user_00048,Los Angeles,34.0522,-118.2437,"['home_goods', 'pharmacy', 'restaurant', 'clothing', 'travel']",40.697675334997435,13,1678
user_00049,Mumbai,19.076,72.8777,"['electronics', 'streaming', 'utilities', 'gas_station']",11.498032189630392,14,2274
user_00050,New York,40.7128,-74.006,"['clothing', 'electronics', 'streaming', 'pharmacy', 'ride_share']",40.22345895982762,15,2797
user_00051,Houston,29.7604,-95.3698,"['entertainment', 'gas_station', 'restaurant', 'clothing', 'pharmacy', 'grocery']",26.283743540761424,18,1301
user_00052,Houston,29.7604,-95.3698,"['gas_station', 'grocery', 'utilities', 'electronics']",22.061782210950838,17,328
user_00053,London,51.5074,-0.1278,"['utilities', 'home_goods', 'electronics', 'streaming', 'ride_share', 'entertainment']",47.79905040541232,10,2717
user_00054,New York,40.7128,-74.006,"['streaming', 'electronics', 'gas_station']",61.473102012976916,8,2313
user_00055,Houston,29.7604,-95.3698,"['ride_share', 'gas_station', 'entertainment']",57.902934845354,20,1842
user_00056,Delhi,28.7041,77.1025,"['gas_station', 'ride_share', 'utilities', 'clothing', 'electronics', 'streaming']",20.014749686407185,20,2165
user_00057,London,51.5074,-0.1278,"['clothing', 'ride_share', 'restaurant', 'entertainment']",27.507881799249446,12,1405
user_00058,Bengaluru,12.9716,77.5946,"['gas_station', 'entertainment', 'electronics']",40.39710236847056,19,655
user_00059,Houston,29.7604,-95.3698,"['streaming', 'entertainment', 'pharmacy']",59.46138297859105,14,285
user_00060,Houston,29.7604,-95.3698,"['streaming', 'home_goods', 'grocery', 'entertainment', 'ride_share', 'utilities']",24.840998593724002,12,1627
user_00061,Delhi,28.7041,77.1025,"['ride_share', 'electronics', 'clothing', 'streaming']",29.624585683834738,8,1622
user_00062,Bengaluru,12.9716,77.5946,"['entertainment', 'gas_station', 'ride_share', 'utilities', 'grocery', 'electronics']",17.050832262641897,9,2662
user_00063,Delhi,28.7041,77.1025,"['ride_share', 'gas_station', 'grocery', 'clothing']",16.15575003388533,13,896
user_00064,London,51.5074,-0.1278,"['pharmacy', 'streaming', 'clothing', 'utilities', 'home_goods']",53.9207563321111,15,109
user_00065,New York,40.7128,-74.006,"['electronics', 'utilities', 'restaurant', 'grocery', 'travel']",74.71971779967375,11,113
user_00066,Chicago,41.8781,-87.6298,"['gas_station', 'ride_share', 'restaurant', 'electronics']",31.71513231417576,19,1079
user_00067,Bengaluru,12.9716,77.5946,"['home_goods', 'entertainment', 'restaurant', 'gas_station']",60.468328901388084,9,2400
user_00068,New York,40.7128,-74.006,"['home_goods', 'utilities', 'streaming', 'entertainment', 'electronics']",41.14003006527806,17,2858
user_00069,Houston,29.7604,-95.3698,"['entertainment', 'clothing', 'home_goods']",22.486792733379207,20,2348
user_00070,New York,40.7128,-74.006,"['travel', 'streaming', 'pharmacy', 'restaurant', 'home_goods']",41.134095973046776,21,1750
user_00071,London,51.5074,-0.1278,"['streaming', 'pharmacy', 'ride_share']",83.33110925346675,14,751
user_00072,Mumbai,19.076,72.8777,"['ride_share', 'streaming', 'home_goods', 'clothing', 'pharmacy', 'utilities']",32.411210840142346,21,384
user_00073,Mumbai,19.076,72.8777,"['electronics', 'ride_share', 'home_goods', 'streaming', 'pharmacy', 'grocery']",84.67210372291747,21,1361
user_00074,Chicago,41.8781,-87.6298,"['electronics', 'pharmacy', 'clothing', 'utilities', 'home_goods', 'ride_share']",6.876796630919651,16,71
user_00075,Houston,29.7604,-95.3698,"['electronics', 'streaming', 'ride_share']",54.22496995459717,19,1980
user_00076,London,51.5074,-0.1278,"['grocery', 'restaurant', 'clothing', 'electronics', 'streaming', 'pharmacy']",34.890976436278926,12,2749
user_00077,Bengaluru,12.9716,77.5946,"['travel', 'entertainment', 'pharmacy', 'streaming', 'home_goods', 'gas_station']",27.676829685886563,12,1285
user_00078,Mumbai,19.076,72.8777,"['restaurant', 'electronics', 'pharmacy', 'entertainment']",34.98979564296102,11,916
user_00079,London,51.5074,-0.1278,"['entertainment', 'home_goods', 'travel', 'clothing', 'restaurant']",10.048854533463766,12,961
user_00080,Bengaluru,12.9716,77.5946,"['clothing', 'grocery', 'travel', 'gas_station']",29.026141857645456,8,253
user_00081,Mumbai,19.076,72.8777,"['utilities', 'ride_share', 'restaurant', 'grocery']",41.02852444219797,15,1990
user_00082,London,51.5074,-0.1278,"['gas_station', 'grocery', 'clothing', 'ride_share', 'restaurant']",80.37767205399278,14,2044
user_00083,Los Angeles,34.0522,-118.2437,"['gas_station', 'entertainment', 'home_goods']",24.265070033225573,9,1046
user_00084,Los Angeles,34.0522,-118.2437,"['home_goods', 'entertainment', 'utilities', 'electronics', 'streaming', 'travel']",20.387130384437437,12,2440
user_00085,Delhi,28.7041,77.1025,"['home_goods', 'entertainment', 'grocery', 'restaurant', 'electronics']",24.506680990081247,12,2735
user_00086,Los Angeles,34.0522,-118.2437,"['electronics', 'gas_station', 'travel', 'restaurant']",57.35392442534725,8,1703
user_00087,London,51.5074,-0.1278,"['clothing', 'grocery', 'electronics', 'entertainment', 'travel', 'pharmacy']",40.336253930046844,9,2845
user_00088,Houston,29.7604,-95.3698,"['utilities', 'home_goods', 'electronics', 'streaming', 'restaurant']",24.09836215321726,18,640
user_00089,Mumbai,19.076,72.8777,"['restaurant', 'grocery', 'gas_station', 'clothing']",45.058446577145396,15,539
user_00090,London,51.5074,-0.1278,"['entertainment', 'streaming', 'clothing', 'travel', 'ride_share']",35.10159354588138,9,2479
user_00091,New York,40.7128,-74.006,"['entertainment', 'pharmacy', 'home_goods', 'clothing', 'grocery', 'ride_share']",59.21571686979096,18,2386
user_00092,New York,40.7128,-74.006,"['home_goods', 'grocery', 'gas_station', 'ride_share', 'travel']",21.7316156726375,10,2427
user_00093,Delhi,28.7041,77.1025,"['restaurant', 'ride_share', 'pharmacy', 'streaming', 'home_goods', 'gas_station']",27.205052562925143,21,688
user_00094,Bengaluru,12.9716,77.5946,"['entertainment', 'ride_share', 'clothing', 'streaming', 'grocery', 'electronics']",26.173177010440543,13,1063
user_00095,Bengaluru,12.9716,77.5946,"['streaming', 'travel', 'grocery']",13.7617228407961,14,252
user_00096,Houston,29.7604,-95.3698,"['home_goods', 'ride_share', 'utilities', 'grocery', 'electronics']",39.554211192775156,16,566
user_00097,Mumbai,19.076,72.8777,"['entertainment', 'ride_share', 'restaurant', 'grocery', 'electronics', 'pharmacy']",38.730723087378614,12,2286
user_00098,New York,40.7128,-74.006,"['restaurant', 'electronics', 'entertainment', 'ride_share', 'home_goods', 'pharmacy']",33.217208634048056,15,2965
user_00099,Mumbai,19.076,72.8777,"['streaming', 'ride_share', 'utilities', 'electronics', 'home_goods']",28.76754149022823,14,810
user_00100,Chicago,41.8781,-87.6298,"['clothing', 'streaming', 'pharmacy']",14.165048465450116,21,40
user_00101,Mumbai,19.076,72.8777,"['home_goods', 'entertainment', 'ride_share', 'gas_station', 'utilities']",25.728846808455888,13,1391
user_00102,Delhi,28.7041,77.1025,"['pharmacy', 'electronics', 'utilities', 'streaming', 'home_goods', 'travel']",26.96045843281146,8,1333
user_00103,London,51.5074,-0.1278,"['streaming', 'utilities', 'gas_station', 'ride_share', 'grocery', 'restaurant']",20.46331229081118,21,441
user_00104,London,51.5074,-0.1278,"['travel', 'ride_share', 'grocery']",30.06099766814307,14,2711
user_00105,Chicago,41.8781,-87.6298,"['ride_share', 'clothing', 'pharmacy']",42.20043436880862,18,358
user_00106,Bengaluru,12.9716,77.5946,"['pharmacy', 'utilities', 'ride_share', 'travel', 'grocery', 'clothing']",102.68967134283572,11,2615
user_00107,Mumbai,19.076,72.8777,"['entertainment', 'restaurant', 'streaming', 'utilities']",36.7723677842632,15,711
user_00108,Mumbai,19.076,72.8777,"['grocery', 'pharmacy', 'entertainment']",38.64936071110592,13,1565
user_00109,Delhi,28.7041,77.1025,"['electronics', 'travel', 'streaming', 'gas_station']",31.668815247136365,10,353
user_00110,Delhi,28.7041,77.1025,"['ride_share', 'home_goods', 'gas_station', 'electronics']",10.472337645897484,18,1070
user_00111,London,51.5074,-0.1278,"['utilities', 'grocery', 'ride_share', 'clothing', 'gas_station']",32.59280878853338,15,1445
user_00112,Mumbai,19.076,72.8777,"['entertainment', 'clothing', 'ride_share', 'utilities', 'electronics', 'home_goods']",34.33406898105386,9,1001
user_00113,Delhi,28.7041,77.1025,"['home_goods', 'clothing', 'utilities', 'grocery', 'streaming']",145.17577759321668,8,2348
user_00114,New York,40.7128,-74.006,"['clothing', 'electronics', 'home_goods', 'pharmacy', 'utilities', 'travel']",29.505698705030696,17,1056
user_00115,Chicago,41.8781,-87.6298,"['utilities', 'entertainment', 'grocery']",39.683219090554445,20,1835
user_00116,New York,40.7128,-74.006,"['entertainment', 'gas_station', 'restaurant', 'clothing', 'pharmacy']",32.43288697761724,10,852
user_00117,Chicago,41.8781,-87.6298,"['travel', 'entertainment', 'clothing', 'gas_station', 'home_goods']",16.42481297053604,20,1238
user_00118,Bengaluru,12.9716,77.5946,"['ride_share', 'restaurant', 'gas_station']",65.73908756622309,21,2800
user_00119,Delhi,28.7041,77.1025,"['restaurant', 'streaming', 'grocery', 'clothing', 'entertainment']",51.995637436602976,13,2785
user_00120,Mumbai,19.076,72.8777,"['utilities', 'pharmacy', 'restaurant', 'electronics', 'ride_share', 'grocery']",53.22984143025724,22,2528
user_00121,Houston,29.7604,-95.3698,"['utilities', 'ride_share', 'clothing']",19.18958199076983,9,602
user_00122,New York,40.7128,-74.006,"['clothing', 'ride_share', 'restaurant']",76.83625403844562,11,2231
user_00123,Chicago,41.8781,-87.6298,"['ride_share', 'pharmacy', 'travel', 'streaming', 'gas_station', 'electronics']",14.280419915474262,21,2034
user_00124,Delhi,28.7041,77.1025,"['grocery', 'pharmacy', 'electronics', 'ride_share', 'travel']",47.092523716068,21,1515
user_00125,Los Angeles,34.0522,-118.2437,"['travel', 'utilities', 'pharmacy', 'grocery', 'streaming']",123.2572180472645,11,530
user_00126,London,51.5074,-0.1278,"['utilities', 'electronics', 'home_goods']",18.277635431956128,8,1396
user_00127,Houston,29.7604,-95.3698,"['home_goods', 'electronics', 'restaurant', 'travel']",23.575814146478756,17,914
user_00128,Houston,29.7604,-95.3698,"['gas_station', 'home_goods', 'grocery', 'clothing', 'entertainment']",35.1558424434722,16,1056
user_00129,Chicago,41.8781,-87.6298,"['utilities', 'grocery', 'gas_station']",24.481423550602333,13,1004
user_00130,Bengaluru,12.9716,77.5946,"['gas_station', 'clothing', 'grocery']",13.060624511638359,19,1754
user_00131,Los Angeles,34.0522,-118.2437,"['ride_share', 'entertainment', 'pharmacy']",34.50615744861283,15,2093
user_00132,Houston,29.7604,-95.3698,"['entertainment', 'utilities', 'travel']",17.507297110553772,15,2665
user_00133,New York,40.7128,-74.006,"['ride_share', 'streaming', 'utilities']",43.99849630206028,15,2947
user_00134,London,51.5074,-0.1278,"['restaurant', 'pharmacy', 'home_goods']",19.07436829012689,9,546
user_00135,Mumbai,19.076,72.8777,"['streaming', 'home_goods', 'travel', 'clothing', 'ride_share']",83.92811368737962,9,2904
user_00136,Los Angeles,34.0522,-118.2437,"['streaming', 'ride_share', 'electronics', 'entertainment']",20.698226589537697,21,1887
user_00137,Delhi,28.7041,77.1025,"['entertainment', 'restaurant', 'pharmacy', 'streaming', 'home_goods', 'ride_share']",27.296625603301198,13,655
user_00138,London,51.5074,-0.1278,"['restaurant', 'entertainment', 'utilities']",53.95283993356223,9,1556
user_00139,Chicago,41.8781,-87.6298,"['home_goods', 'travel', 'utilities']",15.823266341350777,18,530
user_00140,Delhi,28.7041,77.1025,"['utilities', 'streaming', 'grocery', 'clothing', 'travel']",37.95783584900062,9,2397
user_00141,Houston,29.7604,-95.3698,"['utilities', 'ride_share', 'electronics', 'restaurant']",72.55070179690263,21,2308
user_00142,Bengaluru,12.9716,77.5946,"['clothing', 'home_goods', 'electronics']",12.622867616887506,21,2327
user_00143,New York,40.7128,-74.006,"['grocery', 'gas_station', 'clothing', 'home_goods', 'pharmacy']",36.99490924182675,8,773
user_00144,Chicago,41.8781,-87.6298,"['restaurant', 'gas_station', 'grocery', 'entertainment', 'electronics', 'ride_share']",38.70348611807173,15,1426
user_00145,Chicago,41.8781,-87.6298,"['clothing', 'pharmacy', 'home_goods', 'restaurant', 'grocery']",52.93653393406718,10,2560
user_00146,New York,40.7128,-74.006,"['clothing', 'ride_share', 'streaming']",15.765587737661638,17,1840
user_00147,Delhi,28.7041,77.1025,"['electronics', 'travel', 'restaurant', 'pharmacy', 'streaming']",14.995138253764532,12,2807
user_00148,London,51.5074,-0.1278,"['grocery', 'electronics', 'streaming', 'entertainment', 'travel']",45.29356363900824,12,895
user_00149,Chicago,41.8781,-87.6298,"['clothing', 'pharmacy', 'restaurant', 'grocery', 'ride_share']",39.574730818605445,10,559
user_00150,Delhi,28.7041,77.1025,"['travel', 'entertainment', 'pharmacy', 'restaurant']",38.486045082879286,21,203
user_00151,Delhi,28.7041,77.1025,"['ride_share', 'restaurant', 'pharmacy']",40.7668367322309,17,1686
user_00152,Delhi,28.7041,77.1025,"['restaurant', 'streaming', 'grocery', 'pharmacy', 'gas_station']",22.02074948015383,21,2854
user_00153,Bengaluru,12.9716,77.5946,"['streaming', 'restaurant', 'electronics']",38.06716952086395,17,1670
user_00154,Los Angeles,34.0522,-118.2437,"['clothing', 'pharmacy', 'electronics', 'utilities', 'gas_station', 'grocery']",39.48194520438102,16,2118
user_00155,Houston,29.7604,-95.3698,"['pharmacy', 'utilities', 'gas_station', 'electronics', 'restaurant']",21.571848386243627,12,838
user_00156,Chicago,41.8781,-87.6298,"['utilities', 'restaurant', 'gas_station', 'ride_share']",101.43971759122394,20,2339
user_00157,London,51.5074,-0.1278,"['utilities', 'pharmacy', 'gas_station', 'ride_share', 'restaurant']",44.00484548645196,15,2616
user_00158,Mumbai,19.076,72.8777,"['home_goods', 'grocery', 'pharmacy', 'travel', 'restaurant']",16.20334822888881,15,1881
user_00159,New York,40.7128,-74.006,"['pharmacy', 'clothing', 'restaurant']",49.1035908329472,17,2463
user_00160,Delhi,28.7041,77.1025,"['home_goods', 'travel', 'grocery', 'ride_share', 'electronics', 'gas_station']",18.4523364230314,16,647
user_00161,New York,40.7128,-74.006,"['restaurant', 'pharmacy', 'entertainment', 'travel', 'gas_station', 'grocery']",53.10392073001119,19,1823
user_00162,London,51.5074,-0.1278,"['pharmacy', 'entertainment', 'clothing', 'streaming']",66.36417298617634,20,1415
user_00163,New York,40.7128,-74.006,"['restaurant', 'pharmacy', 'entertainment', 'travel', 'streaming']",20.23857848481186,12,2994
user_00164,Chicago,41.8781,-87.6298,"['restaurant', 'home_goods', 'gas_station', 'pharmacy', 'clothing']",59.02881281793271,10,2467
user_00165,Los Angeles,34.0522,-118.2437,"['travel', 'streaming', 'pharmacy', 'gas_station', 'restaurant']",42.42206196012834,16,1512
user_00166,New York,40.7128,-74.006,"['clothing', 'gas_station', 'electronics', 'pharmacy', 'ride_share']",54.230099519935514,11,593
user_00167,Chicago,41.8781,-87.6298,"['clothing', 'restaurant', 'travel']",103.34529804002771,18,1409
user_00168,Chicago,41.8781,-87.6298,"['gas_station', 'entertainment', 'utilities', 'home_goods', 'ride_share', 'grocery']",28.58171364805643,13,2800
user_00169,Houston,29.7604,-95.3698,"['home_goods', 'clothing', 'ride_share', 'electronics', 'travel', 'gas_station']",21.0680631991304,22,824
user_00170,Bengaluru,12.9716,77.5946,"['ride_share', 'clothing', 'streaming', 'travel', 'home_goods', 'restaurant']",19.419764618626957,20,2506
user_00171,Chicago,41.8781,-87.6298,"['grocery', 'utilities', 'ride_share', 'pharmacy', 'restaurant']",20.297826858678906,12,373
user_00172,Chicago,41.8781,-87.6298,"['ride_share', 'travel', 'gas_station', 'streaming', 'restaurant']",31.61839192896162,21,1877
user_00173,Bengaluru,12.9716,77.5946,"['streaming', 'grocery', 'entertainment']",40.63749590617694,11,1611
user_00174,Los Angeles,34.0522,-118.2437,"['electronics', 'grocery', 'pharmacy', 'restaurant', 'home_goods']",39.0957779208914,10,186
user_00175,Mumbai,19.076,72.8777,"['entertainment', 'gas_station', 'ride_share', 'home_goods', 'grocery', 'travel']",54.39705135836408,12,913
user_00176,Chicago,41.8781,-87.6298,"['restaurant', 'clothing', 'electronics', 'utilities', 'entertainment', 'grocery']",33.37480036490835,14,2647
user_00177,London,51.5074,-0.1278,"['restaurant', 'ride_share', 'home_goods']",79.21141730280954,18,2140
user_00178,Houston,29.7604,-95.3698,"['clothing', 'streaming', 'grocery', 'pharmacy']",28.253176678223355,17,1736
user_00179,Chicago,41.8781,-87.6298,"['travel', 'pharmacy', 'restaurant']",169.37268098754276,14,1955
user_00180,New York,40.7128,-74.006,"['pharmacy', 'clothing', 'grocery', 'entertainment', 'restaurant', 'gas_station']",48.20199492372031,19,2721
user_00181,Los Angeles,34.0522,-118.2437,"['gas_station', 'grocery', 'pharmacy', 'travel', 'home_goods']",19.800465868785437,21,2834
user_00182,London,51.5074,-0.1278,"['utilities', 'gas_station', 'entertainment', 'restaurant', 'ride_share', 'grocery']",17.4173093358721,11,209
user_00183,Houston,29.7604,-95.3698,"['pharmacy', 'clothing', 'travel']",44.23354549795766,21,2254
user_00184,London,51.5074,-0.1278,"['grocery', 'utilities', 'electronics', 'clothing', 'pharmacy']",28.960195807532713,21,2715
user_00185,Bengaluru,12.9716,77.5946,"['restaurant', 'pharmacy', 'streaming', 'home_goods', 'ride_share']",50.825606698639504,13,795
user_00186,London,51.5074,-0.1278,"['pharmacy', 'travel', 'clothing', 'restaurant', 'streaming', 'grocery']",43.989130739068685,17,769
user_00187,Mumbai,19.076,72.8777,"['restaurant', 'entertainment', 'pharmacy', 'clothing', 'travel']",31.699555300386972,17,2969
user_00188,Delhi,28.7041,77.1025,"['entertainment', 'ride_share', 'pharmacy', 'utilities']",19.923974775194324,19,1474
user_00189,Delhi,28.7041,77.1025,"['utilities', 'grocery', 'restaurant', 'streaming', 'pharmacy']",13.344331196480033,8,614
user_00190,London,51.5074,-0.1278,"['gas_station', 'restaurant', 'electronics']",25.33257276567027,13,1598
user_00191,New York,40.7128,-74.006,"['utilities', 'ride_share', 'pharmacy', 'home_goods']",55.35900160716219,20,344
user_00192,Chicago,41.8781,-87.6298,"['streaming', 'pharmacy', 'clothing', 'electronics', 'restaurant']",37.65464223871318,19,792
user_00193,London,51.5074,-0.1278,"['travel', 'restaurant', 'clothing', 'home_goods', 'ride_share', 'utilities']",15.682677084403096,19,2041
user_00194,Houston,29.7604,-95.3698,"['gas_station', 'restaurant', 'ride_share']",36.74156059123321,22,2951
user_00195,London,51.5074,-0.1278,"['utilities', 'pharmacy', 'entertainment']",41.72875367846007,16,2250
user_00196,Mumbai,19.076,72.8777,"['gas_station', 'utilities', 'entertainment', 'pharmacy', 'electronics']",19.485791097095262,11,598
user_00197,Houston,29.7604,-95.3698,"['grocery', 'pharmacy', 'travel', 'utilities', 'ride_share', 'streaming']",36.31515196076901,17,383
user_00198,Los Angeles,34.0522,-118.2437,"['streaming', 'ride_share', 'travel', 'entertainment', 'home_goods']",34.29245060845094,10,1328
user_00199,Los Angeles,34.0522,-118.2437,"['ride_share', 'utilities', 'travel', 'pharmacy', 'gas_station', 'streaming']",16.680123838968417,20,558
user_00200,Delhi,28.7041,77.1025,"['restaurant', 'travel', 'gas_station']",41.045139159562666,10,693
user_00201,Bengaluru,12.9716,77.5946,"['pharmacy', 'travel', 'clothing', 'restaurant']",46.36156223543915,11,2631
user_00202,Mumbai,19.076,72.8777,"['utilities', 'clothing', 'home_goods', 'travel']",63.42326474236522,16,2655
user_00203,Chicago,41.8781,-87.6298,"['gas_station', 'utilities', 'home_goods', 'pharmacy']",62.31992706435722,21,146
user_00204,Los Angeles,34.0522,-118.2437,"['utilities', 'home_goods', 'clothing']",14.489125162132167,20,2373
user_00205,Delhi,28.7041,77.1025,"['ride_share', 'utilities', 'travel']",18.864936286110314,18,1267
user_00206,London,51.5074,-0.1278,"['utilities', 'streaming', 'clothing', 'ride_share']",45.10626544829559,19,275
user_00207,Chicago,41.8781,-87.6298,"['streaming', 'ride_share', 'utilities', 'electronics', 'pharmacy', 'clothing']",45.072466921895156,13,2972
user_00208,Bengaluru,12.9716,77.5946,"['streaming', 'gas_station', 'pharmacy', 'travel', 'restaurant']",45.10660155700989,11,1940
user_00209,Los Angeles,34.0522,-118.2437,"['ride_share', 'electronics', 'gas_station', 'restaurant', 'grocery']",334.1663404801319,14,2550
user_00210,Delhi,28.7041,77.1025,"['gas_station', 'pharmacy', 'home_goods', 'utilities']",46.64353378425344,20,682
user_00211,London,51.5074,-0.1278,"['ride_share', 'clothing', 'entertainment', 'grocery', 'restaurant', 'electronics']",65.45346185674893,11,911
user_00212,Bengaluru,12.9716,77.5946,"['grocery', 'clothing', 'ride_share']",58.697730188957436,12,2228
user_00213,New York,40.7128,-74.006,"['streaming', 'gas_station', 'clothing']",48.9517319700906,20,1681
user_00214,Bengaluru,12.9716,77.5946,"['streaming', 'grocery', 'home_goods']",27.408096247034454,13,2296
user_00215,Mumbai,19.076,72.8777,"['streaming', 'travel', 'ride_share']",52.215612086847216,21,2582
user_00216,Los Angeles,34.0522,-118.2437,"['restaurant', 'streaming', 'pharmacy', 'home_goods']",20.82813821458347,20,620
user_00217,Houston,29.7604,-95.3698,"['travel', 'grocery', 'utilities', 'home_goods', 'gas_station', 'pharmacy']",28.72905086165705,20,1970
user_00218,London,51.5074,-0.1278,"['home_goods', 'travel', 'gas_station', 'pharmacy']",24.748920485167158,10,1639
user_00219,Mumbai,19.076,72.8777,"['travel', 'entertainment', 'utilities', 'ride_share', 'clothing']",34.78285119712417,21,98
user_00220,Bengaluru,12.9716,77.5946,"['utilities', 'restaurant', 'streaming', 'clothing', 'grocery']",132.79348007337913,12,2715
user_00221,Houston,29.7604,-95.3698,"['home_goods', 'ride_share', 'gas_station']",10.801023351880286,10,2818
user_00222,Houston,29.7604,-95.3698,"['home_goods', 'restaurant', 'electronics']",49.98665722044254,15,1314
user_00223,Delhi,28.7041,77.1025,"['streaming', 'electronics', 'entertainment', 'travel']",12.583299235808868,21,285
user_00224,Chicago,41.8781,-87.6298,"['travel', 'pharmacy', 'ride_share', 'entertainment']",24.949178118841004,13,739
user_00225,London,51.5074,-0.1278,"['travel', 'pharmacy', 'clothing', 'ride_share', 'electronics']",63.648156288419656,12,2315
user_00226,Mumbai,19.076,72.8777,"['clothing', 'entertainment', 'electronics', 'ride_share']",34.41759827939129,15,1458
user_00227,Mumbai,19.076,72.8777,"['restaurant', 'home_goods', 'travel', 'streaming', 'utilities']",17.34584737287321,20,629
user_00228,Mumbai,19.076,72.8777,"['clothing', 'restaurant', 'pharmacy']",21.5595262975775,18,1080
user_00229,London,51.5074,-0.1278,"['electronics', 'travel', 'clothing', 'utilities']",49.787236169419906,10,477
user_00230,Houston,29.7604,-95.3698,"['grocery', 'utilities', 'travel', 'electronics']",21.365554468976963,8,440
user_00231,Delhi,28.7041,77.1025,"['entertainment', 'ride_share', 'restaurant', 'gas_station', 'grocery']",37.70810860731423,14,2704
user_00232,London,51.5074,-0.1278,"['utilities', 'electronics', 'clothing', 'pharmacy', 'home_goods', 'travel']",34.03342411532152,22,396
user_00233,Houston,29.7604,-95.3698,"['gas_station', 'streaming', 'entertainment']",22.399525854709786,21,1656
user_00234,London,51.5074,-0.1278,"['entertainment', 'clothing', 'grocery', 'home_goods']",119.86504124563265,17,2498
user_00235,Los Angeles,34.0522,-118.2437,"['clothing', 'ride_share', 'travel', 'home_goods', 'utilities']",48.44123497929718,21,2095
user_00236,London,51.5074,-0.1278,"['electronics', 'restaurant', 'pharmacy', 'gas_station', 'ride_share']",9.824845652919722,19,792
user_00237,New York,40.7128,-74.006,"['clothing', 'home_goods', 'electronics', 'gas_station', 'streaming']",37.035339886435466,16,1373
user_00238,Los Angeles,34.0522,-118.2437,"['utilities', 'restaurant', 'gas_station', 'home_goods', 'ride_share', 'travel']",22.263044826214063,8,1098
user_00239,Delhi,28.7041,77.1025,"['ride_share', 'clothing', 'pharmacy', 'utilities']",55.227443847110706,12,2707
user_00240,Bengaluru,12.9716,77.5946,"['grocery', 'utilities', 'restaurant', 'ride_share']",20.583454159921256,10,1690
user_00241,Mumbai,19.076,72.8777,"['utilities', 'clothing', 'pharmacy']",30.912422789089703,11,577
user_00242,London,51.5074,-0.1278,"['ride_share', 'home_goods', 'pharmacy', 'streaming']",44.83514719284106,20,2231
user_00243,Houston,29.7604,-95.3698,"['utilities', 'home_goods', 'restaurant', 'travel']",55.67065213927121,16,2912
user_00244,Bengaluru,12.9716,77.5946,"['home_goods', 'restaurant', 'grocery']",16.116154527998514,17,2228
user_00245,Chicago,41.8781,-87.6298,"['pharmacy', 'travel', 'ride_share', 'restaurant']",27.09364662439008,19,2418
user_00246,London,51.5074,-0.1278,"['travel', 'ride_share', 'grocery']",24.904109083846127,10,2132
user_00247,Delhi,28.7041,77.1025,"['home_goods', 'grocery', 'travel', 'ride_share', 'clothing', 'pharmacy']",22.376302179988013,14,1072
user_00248,New York,40.7128,-74.006,"['home_goods', 'restaurant', 'grocery', 'streaming']",95.5139723551582,19,291
user_00249,New York,40.7128,-74.006,"['ride_share', 'grocery', 'clothing']",42.224010421543404,10,584
user_00250,Delhi,28.7041,77.1025,"['streaming', 'ride_share', 'entertainment', 'home_goods', 'restaurant']",15.540812490659508,18,1454
user_00251,Los Angeles,34.0522,-118.2437,"['travel', 'streaming', 'entertainment', 'gas_station']",57.438635442440614,21,44
user_00252,New York,40.7128,-74.006,"['ride_share', 'utilities', 'travel', 'streaming', 'home_goods']",118.30827504591396,11,1916
user_00253,Bengaluru,12.9716,77.5946,"['clothing', 'electronics', 'restaurant', 'grocery']",61.52718787119598,17,94
user_00254,Houston,29.7604,-95.3698,"['restaurant', 'entertainment', 'home_goods', 'grocery']",13.308168510574145,17,2782
user_00255,New York,40.7128,-74.006,"['entertainment', 'grocery', 'streaming', 'ride_share']",24.765698141135132,16,919
user_00256,New York,40.7128,-74.006,"['travel', 'clothing', 'electronics', 'pharmacy']",70.82037129806757,11,1266
user_00257,Chicago,41.8781,-87.6298,"['streaming', 'clothing', 'utilities', 'grocery']",21.658507223792874,18,2810
user_00258,Delhi,28.7041,77.1025,"['grocery', 'pharmacy', 'streaming', 'travel', 'utilities', 'ride_share']",43.2194945800201,14,641
user_00259,Mumbai,19.076,72.8777,"['gas_station', 'travel', 'ride_share', 'electronics', 'utilities', 'entertainment']",52.70869497930598,20,1926
user_00260,New York,40.7128,-74.006,"['streaming', 'travel', 'utilities', 'gas_station', 'entertainment', 'restaurant']",18.98865540803221,11,1382
user_00261,Los Angeles,34.0522,-118.2437,"['pharmacy', 'restaurant', 'travel', 'electronics', 'grocery', 'gas_station']",31.953597949553785,18,2507
user_00262,New York,40.7128,-74.006,"['electronics', 'home_goods', 'travel']",4.73622116867684,15,885
user_00263,Bengaluru,12.9716,77.5946,"['grocery', 'electronics', 'utilities', 'restaurant', 'ride_share']",17.910146846963094,19,2505
user_00264,Houston,29.7604,-95.3698,"['electronics', 'travel', 'pharmacy', 'clothing', 'streaming', 'entertainment']",28.458847862979653,12,1101
user_00265,Bengaluru,12.9716,77.5946,"['ride_share', 'restaurant', 'entertainment', 'pharmacy', 'electronics', 'gas_station']",15.663451848427238,14,217
user_00266,Houston,29.7604,-95.3698,"['grocery', 'clothing', 'travel', 'streaming']",88.18587319778841,10,833
user_00267,Bengaluru,12.9716,77.5946,"['streaming', 'home_goods', 'electronics', 'ride_share']",14.040067035908448,12,2031
user_00268,London,51.5074,-0.1278,"['gas_station', 'pharmacy', 'entertainment', 'home_goods', 'ride_share', 'restaurant']",25.431112041283882,16,168
user_00269,Los Angeles,34.0522,-118.2437,"['grocery', 'streaming', 'gas_station']",35.81777742861045,9,2926
user_00270,Chicago,41.8781,-87.6298,"['electronics', 'travel', 'ride_share']",78.63083878498574,8,2560
user_00271,London,51.5074,-0.1278,"['grocery', 'entertainment', 'travel', 'home_goods', 'streaming', 'utilities']",13.991957626356054,16,2988
user_00272,Mumbai,19.076,72.8777,"['grocery', 'travel', 'streaming', 'gas_station', 'restaurant']",66.5463203161033,16,639
user_00273,Houston,29.7604,-95.3698,"['home_goods', 'travel', 'clothing', 'pharmacy']",33.319400888899075,20,1655
user_00274,Los Angeles,34.0522,-118.2437,"['streaming', 'ride_share', 'home_goods', 'electronics', 'travel']",18.376906767429503,18,360
user_00275,New York,40.7128,-74.006,"['streaming', 'entertainment', 'utilities']",43.696241195009364,8,2638
user_00276,New York,40.7128,-74.006,"['restaurant', 'ride_share', 'streaming', 'pharmacy']",37.316508555069476,22,2193
user_00277,New York,40.7128,-74.006,"['electronics', 'home_goods', 'ride_share', 'clothing']",23.100860633719993,22,334
user_00278,Mumbai,19.076,72.8777,"['gas_station', 'pharmacy', 'grocery']",34.531821146138405,17,620
user_00279,Delhi,28.7041,77.1025,"['clothing', 'gas_station', 'home_goods']",26.280095876619402,17,1623
user_00280,Bengaluru,12.9716,77.5946,"['entertainment', 'gas_station', 'restaurant', 'travel', 'pharmacy', 'grocery']",35.449544618344,14,980
user_00281,Los Angeles,34.0522,-118.2437,"['home_goods', 'entertainment', 'utilities', 'streaming', 'pharmacy']",49.268178430956965,18,1149
user_00282,London,51.5074,-0.1278,"['electronics', 'pharmacy', 'travel', 'streaming', 'home_goods', 'restaurant']",85.76492211044274,9,2563
user_00283,Mumbai,19.076,72.8777,"['entertainment', 'restaurant', 'utilities', 'clothing']",15.757409525402492,14,2945
user_00284,Chicago,41.8781,-87.6298,"['pharmacy', 'entertainment', 'restaurant', 'home_goods', 'grocery', 'gas_station']",119.08291614369368,13,1134
user_00285,Los Angeles,34.0522,-118.2437,"['restaurant', 'gas_station', 'streaming', 'ride_share']",10.26507462492841,9,137
user_00286,Los Angeles,34.0522,-118.2437,"['travel', 'restaurant', 'home_goods', 'pharmacy', 'streaming']",30.232845810423505,12,1724
user_00287,Delhi,28.7041,77.1025,"['entertainment', 'travel', 'electronics']",47.13379802770026,18,1589
user_00288,Chicago,41.8781,-87.6298,"['clothing', 'entertainment', 'utilities', 'ride_share']",39.19680038529633,9,714
user_00289,Delhi,28.7041,77.1025,"['streaming', 'clothing', 'ride_share', 'restaurant', 'pharmacy']",22.791331997056464,11,2982
user_00290,London,51.5074,-0.1278,"['ride_share', 'restaurant', 'gas_station', 'clothing']",29.227985264902276,14,1390
user_00291,Delhi,28.7041,77.1025,"['ride_share', 'pharmacy', 'streaming', 'gas_station', 'clothing']",24.635769688471846,17,2877
user_00292,Houston,29.7604,-95.3698,"['pharmacy', 'gas_station', 'streaming', 'entertainment', 'clothing', 'travel']",23.251767388024597,17,1022
user_00293,Bengaluru,12.9716,77.5946,"['clothing', 'streaming', 'pharmacy', 'restaurant', 'electronics', 'entertainment']",55.133706272512505,18,2283
user_00294,New York,40.7128,-74.006,"['entertainment', 'electronics', 'ride_share', 'clothing', 'restaurant', 'streaming']",41.02613454577053,18,2075
user_00295,Chicago,41.8781,-87.6298,"['electronics', 'clothing', 'gas_station', 'streaming', 'travel']",21.851165101510972,15,2479
user_00296,London,51.5074,-0.1278,"['travel', 'entertainment', 'streaming', 'utilities', 'grocery', 'home_goods']",56.812701873479156,19,2229
user_00297,Los Angeles,34.0522,-118.2437,"['electronics', 'utilities', 'pharmacy']",39.82041468325566,18,2539
user_00298,New York,40.7128,-74.006,"['pharmacy', 'streaming', 'restaurant', 'grocery', 'home_goods', 'gas_station']",53.93163744505008,16,2154
user_00299,Houston,29.7604,-95.3698,"['pharmacy', 'streaming', 'ride_share', 'travel', 'gas_station', 'home_goods']",48.3167023463452,15,458
user_00300,Mumbai,19.076,72.8777,"['restaurant', 'entertainment', 'gas_station', 'pharmacy', 'clothing', 'home_goods']",20.137887548782192,20,877
user_00301,London,51.5074,-0.1278,"['ride_share', 'restaurant', 'entertainment', 'home_goods', 'pharmacy']",23.662496671783877,12,213
user_00302,Los Angeles,34.0522,-118.2437,"['pharmacy', 'utilities', 'restaurant']",51.85110070414117,22,1029
user_00303,Chicago,41.8781,-87.6298,"['pharmacy', 'travel', 'streaming', 'ride_share']",47.761609069897744,20,1689
user_00304,Chicago,41.8781,-87.6298,"['utilities', 'entertainment', 'streaming', 'home_goods']",32.7027457942632,19,2545
user_00305,Houston,29.7604,-95.3698,"['home_goods', 'streaming', 'utilities', 'grocery', 'electronics', 'restaurant']",35.530675785333095,20,2912
user_00306,Los Angeles,34.0522,-118.2437,"['travel', 'gas_station', 'pharmacy']",71.27879924936627,11,1904
user_00307,Los Angeles,34.0522,-118.2437,"['utilities', 'ride_share', 'travel', 'pharmacy', 'streaming']",23.22100290341349,17,497
user_00308,Bengaluru,12.9716,77.5946,"['ride_share', 'home_goods', 'gas_station', 'clothing', 'restaurant']",45.98238685464359,13,512
user_00309,Houston,29.7604,-95.3698,"['restaurant', 'gas_station', 'pharmacy', 'utilities', 'streaming']",29.332156583671445,17,594
user_00310,Delhi,28.7041,77.1025,"['gas_station', 'ride_share', 'travel', 'entertainment', 'home_goods', 'electronics']",29.06083170682133,10,796
user_00311,Bengaluru,12.9716,77.5946,"['home_goods', 'grocery', 'pharmacy', 'utilities', 'ride_share', 'restaurant']",64.0245184766188,21,1602
user_00312,London,51.5074,-0.1278,"['utilities', 'ride_share', 'streaming', 'entertainment', 'travel', 'restaurant']",54.33941342430938,17,156
user_00313,Houston,29.7604,-95.3698,"['grocery', 'clothing', 'electronics', 'travel', 'utilities']",53.95259451228653,20,1903
user_00314,London,51.5074,-0.1278,"['home_goods', 'restaurant', 'clothing']",72.47830562279982,16,200
user_00315,London,51.5074,-0.1278,"['streaming', 'restaurant', 'electronics', 'clothing']",33.53542373175348,15,1106
user_00316,Bengaluru,12.9716,77.5946,"['ride_share', 'restaurant', 'electronics']",49.85764191118663,20,2438
user_00317,Bengaluru,12.9716,77.5946,"['gas_station', 'home_goods', 'entertainment', 'electronics', 'travel', 'streaming']",27.490485034176494,17,1466
user_00318,Mumbai,19.076,72.8777,"['pharmacy', 'clothing', 'utilities', 'home_goods']",40.22544724875941,10,1715
user_00319,New York,40.7128,-74.006,"['utilities', 'gas_station', 'entertainment', 'electronics', 'home_goods']",30.62798603757125,21,1043
user_00320,Delhi,28.7041,77.1025,"['gas_station', 'home_goods', 'clothing', 'streaming', 'travel', 'electronics']",35.09987534340711,18,411
user_00321,Delhi,28.7041,77.1025,"['entertainment', 'pharmacy', 'ride_share', 'home_goods', 'utilities']",47.32762747017748,21,411
user_00322,London,51.5074,-0.1278,"['restaurant', 'travel', 'streaming', 'electronics', 'home_goods']",20.268492567965936,15,1129
user_00323,Bengaluru,12.9716,77.5946,"['pharmacy', 'travel', 'home_goods', 'gas_station', 'ride_share']",116.21388916944781,22,2825
user_00324,New York,40.7128,-74.006,"['restaurant', 'utilities', 'ride_share']",18.10864721912749,9,677
user_00325,London,51.5074,-0.1278,"['grocery', 'streaming', 'electronics', 'gas_station', 'clothing', 'restaurant']",15.982379471125627,9,2711
user_00326,Bengaluru,12.9716,77.5946,"['restaurant', 'pharmacy', 'gas_station', 'grocery', 'streaming']",66.34487554430356,19,2894
user_00327,Houston,29.7604,-95.3698,"['utilities', 'restaurant', 'entertainment', 'grocery', 'electronics', 'ride_share']",53.24998997772403,10,2461
user_00328,Houston,29.7604,-95.3698,"['grocery', 'entertainment', 'pharmacy', 'restaurant', 'streaming', 'home_goods']",48.15725925534151,15,320
user_00329,Houston,29.7604,-95.3698,"['restaurant', 'entertainment', 'utilities', 'pharmacy', 'travel', 'gas_station']",48.27951282487354,14,575
user_00330,Chicago,41.8781,-87.6298,"['travel', 'home_goods', 'grocery']",32.8730093407472,15,1468
user_00331,Houston,29.7604,-95.3698,"['streaming', 'home_goods', 'ride_share', 'electronics']",19.329788992711787,22,441
user_00332,Chicago,41.8781,-87.6298,"['home_goods', 'streaming', 'pharmacy']",34.6564111646074,13,602
user_00333,Houston,29.7604,-95.3698,"['utilities', 'restaurant', 'electronics', 'travel', 'clothing']",22.058609365272105,21,2726
user_00334,Mumbai,19.076,72.8777,"['travel', 'home_goods', 'entertainment', 'electronics']",59.44620821645607,12,2676
user_00335,New York,40.7128,-74.006,"['ride_share', 'streaming', 'restaurant', 'electronics']",30.318726899768947,18,2462
user_00336,Los Angeles,34.0522,-118.2437,"['pharmacy', 'entertainment', 'gas_station']",20.180195080983353,21,2358
user_00337,Delhi,28.7041,77.1025,"['travel', 'utilities', 'gas_station', 'ride_share', 'restaurant']",27.307694027922008,17,306
user_00338,New York,40.7128,-74.006,"['electronics', 'grocery', 'utilities', 'streaming', 'clothing']",42.42589354121732,14,2904
user_00339,Delhi,28.7041,77.1025,"['utilities', 'travel', 'entertainment']",23.61224110192667,12,372
user_00340,Mumbai,19.076,72.8777,"['travel', 'electronics', 'gas_station']",20.21991000235152,14,2432
user_00341,Los Angeles,34.0522,-118.2437,"['entertainment', 'streaming', 'electronics', 'grocery', 'home_goods']",38.329212230873196,22,1809
user_00342,Los Angeles,34.0522,-118.2437,"['home_goods', 'entertainment', 'grocery', 'clothing', 'gas_station', 'utilities']",38.35864563396354,19,592
user_00343,New York,40.7128,-74.006,"['ride_share', 'pharmacy', 'travel', 'home_goods']",24.430542584297694,10,1553
user_00344,Chicago,41.8781,-87.6298,"['entertainment', 'restaurant', 'grocery', 'pharmacy', 'streaming']",24.962557860323116,16,291
user_00345,Mumbai,19.076,72.8777,"['ride_share', 'entertainment', 'travel']",38.06251586995204,8,2076
user_00346,Chicago,41.8781,-87.6298,"['gas_station', 'clothing', 'restaurant', 'home_goods', 'electronics']",13.88972551319022,8,80
user_00347,Houston,29.7604,-95.3698,"['ride_share', 'pharmacy', 'streaming']",14.232409674166112,10,174
user_00348,Delhi,28.7041,77.1025,"['pharmacy', 'electronics', 'streaming', 'entertainment']",21.51893977778838,21,349
user_00349,Bengaluru,12.9716,77.5946,"['travel', 'utilities', 'grocery']",29.134752597639203,11,2142
user_00350,New York,40.7128,-74.006,"['restaurant', 'ride_share', 'clothing', 'home_goods', 'pharmacy', 'grocery']",39.906712361518764,8,1541
user_00351,Houston,29.7604,-95.3698,"['home_goods', 'clothing', 'entertainment', 'electronics', 'ride_share']",80.25537437476235,17,2050
user_00352,Houston,29.7604,-95.3698,"['gas_station', 'grocery', 'streaming', 'utilities']",55.40089638855756,16,1448
user_00353,New York,40.7128,-74.006,"['grocery', 'utilities', 'streaming', 'clothing', 'restaurant']",30.085306066780433,16,1005
user_00354,Delhi,28.7041,77.1025,"['grocery', 'gas_station', 'clothing', 'restaurant', 'entertainment', 'travel']",32.739761107417685,19,1555
user_00355,London,51.5074,-0.1278,"['home_goods', 'restaurant', 'travel']",18.146584863531558,18,1645
user_00356,Los Angeles,34.0522,-118.2437,"['streaming', 'utilities', 'gas_station']",32.749644871513695,12,1099
user_00357,Bengaluru,12.9716,77.5946,"['entertainment', 'pharmacy', 'utilities', 'ride_share', 'clothing', 'restaurant']",27.84921604118244,11,587
user_00358,Los Angeles,34.0522,-118.2437,"['restaurant', 'gas_station', 'ride_share', 'home_goods']",40.19051956929911,14,524
user_00359,Bengaluru,12.9716,77.5946,"['ride_share', 'clothing', 'entertainment', 'utilities']",20.159213587154056,9,675
user_00360,Mumbai,19.076,72.8777,"['electronics', 'pharmacy', 'gas_station']",45.22309503935612,19,1046
user_00361,Bengaluru,12.9716,77.5946,"['travel', 'grocery', 'clothing', 'home_goods', 'gas_station', 'utilities']",83.06665416981575,21,1882
user_00362,Houston,29.7604,-95.3698,"['ride_share', 'restaurant', 'gas_station']",31.023466777273903,8,282
user_00363,Houston,29.7604,-95.3698,"['electronics', 'streaming', 'pharmacy', 'restaurant']",42.14124841107511,22,337
user_00364,New York,40.7128,-74.006,"['electronics', 'utilities', 'ride_share']",50.1032759925884,9,1388
user_00365,Los Angeles,34.0522,-118.2437,"['ride_share', 'grocery', 'gas_station']",26.030468488564374,21,2997
user_00366,Delhi,28.7041,77.1025,"['grocery', 'streaming', 'utilities', 'gas_station', 'pharmacy', 'restaurant']",37.881220542369256,12,1176
user_00367,London,51.5074,-0.1278,"['grocery', 'home_goods', 'utilities', 'electronics']",33.366601362024824,15,1717
user_00368,London,51.5074,-0.1278,"['restaurant', 'clothing', 'streaming']",35.114201828207094,14,846
user_00369,Houston,29.7604,-95.3698,"['streaming', 'pharmacy', 'ride_share']",20.82583180113581,13,2346
user_00370,Bengaluru,12.9716,77.5946,"['clothing', 'gas_station', 'grocery', 'pharmacy', 'electronics', 'home_goods']",33.60604980747658,8,1962
user_00371,Bengaluru,12.9716,77.5946,"['gas_station', 'restaurant', 'electronics', 'home_goods']",44.647529468866665,16,259
user_00372,Houston,29.7604,-95.3698,"['pharmacy', 'gas_station', 'utilities', 'electronics', 'entertainment', 'streaming']",79.09788725957614,22,2453
user_00373,New York,40.7128,-74.006,"['home_goods', 'entertainment', 'gas_station', 'electronics', 'ride_share']",58.88359303967678,10,2038
user_00374,New York,40.7128,-74.006,"['grocery', 'electronics', 'home_goods']",120.53130051446853,8,2186
user_00375,London,51.5074,-0.1278,"['pharmacy', 'home_goods', 'electronics']",20.896704398754423,13,2966
user_00376,Chicago,41.8781,-87.6298,"['grocery', 'entertainment', 'gas_station', 'home_goods', 'restaurant']",55.89038613141606,9,1560
user_00377,Delhi,28.7041,77.1025,"['pharmacy', 'clothing', 'entertainment']",36.96624516607211,10,1819
user_00378,London,51.5074,-0.1278,"['gas_station', 'travel', 'home_goods', 'pharmacy', 'electronics']",123.2089580536627,14,1286
user_00379,Mumbai,19.076,72.8777,"['gas_station', 'grocery', 'home_goods', 'streaming']",20.389519702906036,10,2497
user_00380,Bengaluru,12.9716,77.5946,"['utilities', 'home_goods', 'restaurant', 'ride_share']",20.008694311979887,13,348
user_00381,Houston,29.7604,-95.3698,"['pharmacy', 'gas_station', 'restaurant', 'entertainment', 'ride_share']",23.112287736244905,12,888
user_00382,Houston,29.7604,-95.3698,"['pharmacy', 'clothing', 'restaurant']",9.25961587312829,8,1610
user_00383,London,51.5074,-0.1278,"['gas_station', 'streaming', 'ride_share', 'utilities', 'pharmacy', 'clothing']",24.156342789258662,9,1993
user_00384,Houston,29.7604,-95.3698,"['ride_share', 'restaurant', 'grocery', 'clothing']",20.99995727227499,13,1099
user_00385,Los Angeles,34.0522,-118.2437,"['pharmacy', 'gas_station', 'streaming']",36.242638031375606,19,337
user_00386,Los Angeles,34.0522,-118.2437,"['home_goods', 'entertainment', 'ride_share', 'grocery', 'streaming']",40.652225626981554,17,1808
user_00387,Chicago,41.8781,-87.6298,"['restaurant', 'pharmacy', 'electronics']",102.07445556646319,14,2885
user_00388,Mumbai,19.076,72.8777,"['clothing', 'electronics', 'restaurant', 'grocery', 'streaming']",58.571855691574754,10,253
user_00389,Bengaluru,12.9716,77.5946,"['streaming', 'restaurant', 'clothing']",23.426264479975885,11,427
user_00390,New York,40.7128,-74.006,"['gas_station', 'utilities', 'clothing', 'restaurant']",19.316336664968773,21,503
user_00391,Mumbai,19.076,72.8777,"['ride_share', 'entertainment', 'clothing', 'restaurant', 'streaming', 'travel']",44.48497549798783,22,1592
user_00392,Bengaluru,12.9716,77.5946,"['ride_share', 'grocery', 'clothing', 'entertainment']",14.997148391371152,12,956
user_00393,Mumbai,19.076,72.8777,"['gas_station', 'utilities', 'restaurant']",99.37248450656332,18,1438
user_00394,Delhi,28.7041,77.1025,"['travel', 'grocery', 'streaming', 'entertainment']",67.19938343635502,16,2844
user_00395,London,51.5074,-0.1278,"['ride_share', 'clothing', 'restaurant', 'streaming']",24.990471413065332,16,2369
user_00396,Chicago,41.8781,-87.6298,"['ride_share', 'gas_station', 'utilities']",11.84752852509265,20,819
user_00397,Chicago,41.8781,-87.6298,"['streaming', 'restaurant', 'entertainment']",74.61364687788601,21,2599
user_00398,Chicago,41.8781,-87.6298,"['pharmacy', 'restaurant', 'utilities', 'streaming', 'travel']",30.91606936333304,21,1161
user_00399,London,51.5074,-0.1278,"['entertainment', 'home_goods', 'utilities']",69.594795495721,9,1727
user_00400,Chicago,41.8781,-87.6298,"['home_goods', 'entertainment', 'utilities', 'restaurant']",12.722135190628512,17,443
user_00401,Mumbai,19.076,72.8777,"['streaming', 'clothing', 'entertainment', 'ride_share', 'travel']",23.112532115176034,10,1158
user_00402,Delhi,28.7041,77.1025,"['home_goods', 'entertainment', 'streaming', 'grocery']",33.219804522327316,22,1387
user_00403,Houston,29.7604,-95.3698,"['entertainment', 'ride_share', 'clothing']",34.0622031069366,8,1413
user_00404,Mumbai,19.076,72.8777,"['clothing', 'ride_share', 'restaurant', 'electronics', 'gas_station']",25.278663932545737,19,1844
user_00405,Bengaluru,12.9716,77.5946,"['entertainment', 'streaming', 'home_goods', 'restaurant', 'electronics']",48.12058073019746,11,1697
user_00406,London,51.5074,-0.1278,"['grocery', 'travel', 'gas_station', 'restaurant', 'clothing']",17.451537303161412,10,2177
user_00407,New York,40.7128,-74.006,"['electronics', 'entertainment', 'grocery', 'utilities']",30.40394315319055,15,237
user_00408,Bengaluru,12.9716,77.5946,"['clothing', 'pharmacy', 'ride_share', 'travel']",35.59401048953005,18,537
user_00409,New York,40.7128,-74.006,"['pharmacy', 'ride_share', 'home_goods', 'utilities']",45.090126612999505,21,1973
user_00410,Bengaluru,12.9716,77.5946,"['gas_station', 'clothing', 'restaurant', 'utilities', 'grocery']",50.752908511611494,8,697
user_00411,Houston,29.7604,-95.3698,"['utilities', 'electronics', 'entertainment', 'clothing']",16.864566176790284,16,112
user_00412,New York,40.7128,-74.006,"['gas_station', 'utilities', 'entertainment', 'grocery', 'electronics', 'home_goods']",13.190956716335124,19,2935
user_00413,Mumbai,19.076,72.8777,"['streaming', 'pharmacy', 'ride_share', 'clothing', 'electronics', 'home_goods']",71.27930929847507,18,2162
user_00414,Delhi,28.7041,77.1025,"['grocery', 'travel', 'pharmacy']",40.42257464247569,12,2833
user_00415,Los Angeles,34.0522,-118.2437,"['restaurant', 'pharmacy', 'clothing', 'utilities', 'home_goods', 'gas_station']",21.134527512221474,11,644
user_00416,Houston,29.7604,-95.3698,"['home_goods', 'streaming', 'pharmacy']",83.98944912617691,19,134
user_00417,London,51.5074,-0.1278,"['clothing', 'streaming', 'utilities', 'home_goods', 'grocery']",35.49545927577087,13,2951
user_00418,Houston,29.7604,-95.3698,"['utilities', 'pharmacy', 'travel', 'clothing', 'gas_station', 'streaming']",67.19362053032667,12,429
user_00419,London,51.5074,-0.1278,"['entertainment', 'clothing', 'travel', 'gas_station']",34.48453935116423,18,395
user_00420,Houston,29.7604,-95.3698,"['electronics', 'clothing', 'streaming', 'pharmacy', 'travel']",114.02853851649502,17,1234
user_00421,London,51.5074,-0.1278,"['ride_share', 'grocery', 'home_goods']",94.93614478729684,15,826
user_00422,Los Angeles,34.0522,-118.2437,"['travel', 'clothing', 'streaming', 'grocery', 'gas_station', 'restaurant']",28.520453909863527,13,1706
user_00423,London,51.5074,-0.1278,"['pharmacy', 'gas_station', 'restaurant', 'ride_share']",59.31976588238895,18,754
user_00424,Bengaluru,12.9716,77.5946,"['grocery', 'ride_share', 'clothing']",48.77537475156399,20,720
user_00425,Chicago,41.8781,-87.6298,"['restaurant', 'gas_station', 'home_goods', 'streaming', 'travel', 'electronics']",75.27732303375697,15,1600
user_00426,New York,40.7128,-74.006,"['travel', 'electronics', 'pharmacy']",18.560690376054104,22,1349
user_00427,Houston,29.7604,-95.3698,"['utilities', 'grocery', 'electronics']",49.98039737218069,19,1440
user_00428,Mumbai,19.076,72.8777,"['restaurant', 'streaming', 'travel', 'clothing']",62.49300885150073,9,217
user_00429,Mumbai,19.076,72.8777,"['ride_share', 'travel', 'home_goods', 'utilities', 'pharmacy']",11.527740040178172,22,2843
user_00430,Chicago,41.8781,-87.6298,"['ride_share', 'pharmacy', 'electronics', 'gas_station', 'streaming']",16.281750712256525,11,948
user_00431,Chicago,41.8781,-87.6298,"['entertainment', 'grocery', 'home_goods', 'travel']",9.742138902032542,9,1531
user_00432,New York,40.7128,-74.006,"['utilities', 'clothing', 'travel', 'grocery', 'home_goods', 'pharmacy']",28.172769738579778,18,110
user_00433,New York,40.7128,-74.006,"['streaming', 'ride_share', 'entertainment']",50.93372885325141,16,1065
user_00434,London,51.5074,-0.1278,"['electronics', 'utilities', 'grocery', 'clothing']",81.56614052071244,18,443
user_00435,Mumbai,19.076,72.8777,"['streaming', 'restaurant', 'travel', 'utilities']",34.62087653769788,9,465
user_00436,London,51.5074,-0.1278,"['home_goods', 'electronics', 'clothing', 'travel']",87.98526236629851,13,2911
user_00437,Delhi,28.7041,77.1025,"['gas_station', 'grocery', 'travel', 'ride_share', 'electronics']",14.467997265276457,13,990
user_00438,New York,40.7128,-74.006,"['utilities', 'restaurant', 'entertainment']",11.917054630968986,10,398
user_00439,Los Angeles,34.0522,-118.2437,"['clothing', 'utilities', 'electronics']",32.029949297862146,12,1111
user_00440,London,51.5074,-0.1278,"['restaurant', 'gas_station', 'grocery']",41.69742054108592,13,2802
user_00441,Bengaluru,12.9716,77.5946,"['entertainment', 'restaurant', 'utilities', 'grocery', 'travel', 'streaming']",32.472161438422106,18,2680
user_00442,Chicago,41.8781,-87.6298,"['pharmacy', 'ride_share', 'home_goods', 'clothing', 'restaurant']",9.57863157551928,21,1433
user_00443,Chicago,41.8781,-87.6298,"['streaming', 'entertainment', 'ride_share']",31.391211848105225,21,1609
user_00444,London,51.5074,-0.1278,"['utilities', 'gas_station', 'restaurant', 'entertainment', 'grocery', 'streaming']",15.13966770619973,9,1734
user_00445,London,51.5074,-0.1278,"['gas_station', 'home_goods', 'streaming', 'pharmacy', 'grocery', 'utilities']",49.491628264326025,15,2029
user_00446,Los Angeles,34.0522,-118.2437,"['ride_share', 'grocery', 'restaurant', 'clothing', 'pharmacy', 'utilities']",41.26270014336678,18,1415
user_00447,Los Angeles,34.0522,-118.2437,"['utilities', 'electronics', 'ride_share', 'pharmacy', 'streaming', 'restaurant']",18.841693020668643,8,2665
user_00448,Chicago,41.8781,-87.6298,"['ride_share', 'gas_station', 'restaurant', 'entertainment', 'pharmacy', 'home_goods']",24.32926263705986,12,236
user_00449,Houston,29.7604,-95.3698,"['streaming', 'electronics', 'restaurant', 'ride_share', 'travel', 'entertainment']",17.53978776592629,9,2071
user_00450,London,51.5074,-0.1278,"['restaurant', 'ride_share', 'grocery', 'entertainment', 'streaming']",31.893191092633305,8,2312
user_00451,New York,40.7128,-74.006,"['home_goods', 'entertainment', 'clothing']",58.73791280107092,18,2780
user_00452,London,51.5074,-0.1278,"['pharmacy', 'grocery', 'electronics', 'ride_share', 'entertainment']",18.330463944532887,19,2721
user_00453,Bengaluru,12.9716,77.5946,"['restaurant', 'entertainment', 'electronics', 'grocery', 'pharmacy', 'gas_station']",44.809846773034046,16,2168
user_00454,Bengaluru,12.9716,77.5946,"['grocery', 'gas_station', 'ride_share']",24.091171099970342,21,2966
user_00455,Delhi,28.7041,77.1025,"['clothing', 'home_goods', 'electronics']",20.579106234879223,9,1639
user_00456,Houston,29.7604,-95.3698,"['electronics', 'pharmacy', 'restaurant', 'streaming', 'grocery', 'utilities']",31.055681913673556,20,1875
user_00457,London,51.5074,-0.1278,"['ride_share', 'grocery', 'travel', 'utilities']",17.79388050881209,21,2426
user_00458,London,51.5074,-0.1278,"['entertainment', 'home_goods', 'gas_station', 'utilities']",23.75541291662859,14,2723
user_00459,Bengaluru,12.9716,77.5946,"['streaming', 'home_goods', 'electronics', 'clothing', 'entertainment', 'gas_station']",16.139557795960762,15,576
user_00460,Chicago,41.8781,-87.6298,"['home_goods', 'travel', 'clothing', 'utilities', 'pharmacy', 'ride_share']",107.64460212721981,11,888
user_00461,Mumbai,19.076,72.8777,"['utilities', 'gas_station', 'entertainment', 'travel', 'pharmacy']",33.82357792968739,20,1472
user_00462,London,51.5074,-0.1278,"['utilities', 'travel', 'clothing', 'streaming', 'grocery', 'home_goods']",21.7619861958374,8,1590
user_00463,Chicago,41.8781,-87.6298,"['utilities', 'grocery', 'electronics']",37.65207051305835,20,689
user_00464,Mumbai,19.076,72.8777,"['gas_station', 'grocery', 'clothing', 'electronics', 'utilities']",30.95712461405757,21,1883
user_00465,Los Angeles,34.0522,-118.2437,"['entertainment', 'utilities', 'travel', 'streaming']",29.0035501157951,16,2881
user_00466,Mumbai,19.076,72.8777,"['streaming', 'entertainment', 'utilities']",47.870527368582685,16,250
user_00467,New York,40.7128,-74.006,"['electronics', 'home_goods', 'ride_share', 'entertainment', 'pharmacy']",52.169843959454596,20,2999
user_00468,Houston,29.7604,-95.3698,"['ride_share', 'gas_station', 'restaurant', 'utilities', 'travel']",24.087651214409558,14,196
user_00469,Delhi,28.7041,77.1025,"['travel', 'clothing', 'gas_station', 'home_goods', 'utilities']",23.441525780455343,13,1940
user_00470,Chicago,41.8781,-87.6298,"['gas_station', 'pharmacy', 'home_goods']",28.07751229384724,20,2591
user_00471,Mumbai,19.076,72.8777,"['home_goods', 'travel', 'pharmacy', 'restaurant', 'entertainment', 'clothing']",8.321539727884524,10,2162
user_00472,Los Angeles,34.0522,-118.2437,"['streaming', 'travel', 'utilities', 'entertainment']",13.34157851144446,13,936
user_00473,Houston,29.7604,-95.3698,"['pharmacy', 'entertainment', 'clothing', 'electronics', 'ride_share']",75.19799440596643,9,2769
user_00474,Bengaluru,12.9716,77.5946,"['electronics', 'utilities', 'home_goods', 'entertainment', 'grocery', 'pharmacy']",88.85276092338034,14,494
user_00475,Delhi,28.7041,77.1025,"['travel', 'clothing', 'grocery', 'entertainment', 'pharmacy']",28.519223716701603,15,209
user_00476,Mumbai,19.076,72.8777,"['pharmacy', 'travel', 'restaurant', 'home_goods']",46.80238568658595,20,2233
user_00477,New York,40.7128,-74.006,"['electronics', 'utilities', 'entertainment']",39.91491616375402,21,455
user_00478,Houston,29.7604,-95.3698,"['utilities', 'restaurant', 'gas_station', 'grocery', 'ride_share', 'pharmacy']",210.04640554125598,8,388
user_00479,Los Angeles,34.0522,-118.2437,"['gas_station', 'clothing', 'travel']",64.82847571381497,17,962
user_00480,Mumbai,19.076,72.8777,"['streaming', 'ride_share', 'entertainment', 'home_goods', 'pharmacy', 'grocery']",30.668910221803277,18,514
user_00481,New York,40.7128,-74.006,"['entertainment', 'home_goods', 'grocery']",18.665478264521553,13,2089
user_00482,Los Angeles,34.0522,-118.2437,"['utilities', 'clothing', 'home_goods', 'restaurant', 'entertainment']",12.630723359544747,14,1648
user_00483,New York,40.7128,-74.006,"['gas_station', 'travel', 'electronics', 'entertainment', 'streaming', 'ride_share']",37.41524274885895,18,620
user_00484,Mumbai,19.076,72.8777,"['grocery', 'travel', 'utilities', 'gas_station', 'restaurant']",21.035038615813594,8,2375
user_00485,Delhi,28.7041,77.1025,"['clothing', 'electronics', 'pharmacy']",14.106670551071337,14,2675
user_00486,Chicago,41.8781,-87.6298,"['gas_station', 'electronics', 'home_goods', 'clothing']",22.467195542815567,9,772
user_00487,New York,40.7128,-74.006,"['utilities', 'travel', 'restaurant', 'clothing', 'home_goods', 'gas_station']",17.306310397087373,11,2408
user_00488,London,51.5074,-0.1278,"['pharmacy', 'gas_station', 'electronics', 'restaurant', 'clothing']",91.12981068085709,22,822
user_00489,Bengaluru,12.9716,77.5946,"['ride_share', 'pharmacy', 'home_goods', 'clothing', 'gas_station', 'travel']",56.203770993085655,20,1325
user_00490,Delhi,28.7041,77.1025,"['grocery', 'pharmacy', 'electronics', 'home_goods']",32.95741966817047,12,1502
user_00491,Chicago,41.8781,-87.6298,"['ride_share', 'entertainment', 'utilities', 'pharmacy', 'clothing']",80.4766019632967,16,475
user_00492,Chicago,41.8781,-87.6298,"['clothing', 'gas_station', 'travel']",34.688942790033856,12,2596
user_00493,Los Angeles,34.0522,-118.2437,"['grocery', 'travel', 'entertainment']",19.751500817175458,20,2446
user_00494,Houston,29.7604,-95.3698,"['travel', 'clothing', 'entertainment']",82.5888304132315,18,638
user_00495,Bengaluru,12.9716,77.5946,"['electronics', 'home_goods', 'clothing', 'gas_station', 'ride_share', 'utilities']",45.7570567720687,14,1520
user_00496,New York,40.7128,-74.006,"['home_goods', 'utilities', 'gas_station', 'travel']",17.772499797084702,15,682
user_00497,Chicago,41.8781,-87.6298,"['entertainment', 'ride_share', 'pharmacy', 'grocery']",29.541521823215426,20,2027
user_00498,Houston,29.7604,-95.3698,"['clothing', 'pharmacy', 'electronics']",19.5823577867203,18,876
user_00499,Bengaluru,12.9716,77.5946,"['ride_share', 'entertainment', 'grocery', 'home_goods', 'pharmacy', 'travel']",14.444593054016089,21,1108
